{
  "project_info": {
    "project_number": "573779146863",
    "project_id": "phoneauthentication-d33ec",
    "storage_bucket": "phoneauthentication-d33ec.appspot.com"
  },
  "client": [
    {
      "client_info": {
        "mobilesdk_app_id": "1:573779146863:android:7ca6f621c62e299273f59a",
        "android_client_info": {
          "package_name": "com.example.phoneauth"
        }
      },
      "oauth_client": [
        {
          "client_id": "573779146863-27jug5l63eru6ksd8a0vdmod48tu6b76.apps.googleusercontent.com",
          "client_type": 3
        }
      ],
      "api_key": [
        {
          "current_key": "AIzaSyAkAmzDhvwvoARQ4xdLedYx2UoMd9pODPE"
        }
      ],
      "services": {
        "appinvite_service": {
          "other_platform_oauth_client": [
            {
              "client_id": "573779146863-27jug5l63eru6ksd8a0vdmod48tu6b76.apps.googleusercontent.com",
              "client_type": 3
            }
          ]
        }
      }
    },
    {
      "client_info": {
        "mobilesdk_app_id": "1:573779146863:android:8d0ca8d8febb778373f59a",
        "android_client_info": {
          "package_name": "com.example.phoneauthentication"
        }
      },
      "oauth_client": [
        {
          "client_id": "573779146863-27jug5l63eru6ksd8a0vdmod48tu6b76.apps.googleusercontent.com",
          "client_type": 3
        }
      ],
      "api_key": [
        {
          "current_key": "AIzaSyAkAmzDhvwvoARQ4xdLedYx2UoMd9pODPE"
        }
      ],
      "services": {
        "appinvite_service": {
          "other_platform_oauth_client": [
            {
              "client_id": "573779146863-27jug5l63eru6ksd8a0vdmod48tu6b76.apps.googleusercontent.com",
              "client_type": 3
            }
          ]
        }
      }
    }
  ],
  "configuration_version": "1"
}